case,cvar,value,runs,rounds,mean_avg_fps,delta_vs_three_baseline_mean_pct,mean_1pct_low_fps,mean_01pct_low_fps,mean_p99_ms,run_cv_pct,variance_flag,run_avg_fps,quality_notes
baseline,,,3,1+2+3,274.138875719316,0.0,139.76603815705423,111.81004170048779,6.532790466666666,0.33,False,273.2/273.9/275.4,"Replay progression and camera require operator review; demo_info describes the file, not current playback state."
tf100-001-cl-interp-parallel,cl_interp_parallel,1,3,1+2+3,278.89921642440635,1.7364704997055336,145.1379458068811,113.69727436223731,6.356003766666667,0.5,False,277.0/279.4/280.3,"Replay progression and camera require operator review; demo_info describes the file, not current playback state. | Whole GameInfo swap: file application verified, individual cvar effects and replay fidelity require review. | cl_interp_parallel: no readback; this game build may ignore or reject the setting."
tf100-002-cl-batch-entity-list-ops-during-latch,cl_batch_entity_list_ops_during_latch,1,3,1+2+3,277.8620762564799,1.3581439434281473,144.49060525452634,115.2780816406693,6.357100433333336,0.97,False,274.0/279.6/280.0,"Replay progression and camera require operator review; demo_info describes the file, not current playback state. | Whole GameInfo swap: file application verified, individual cvar effects and replay fidelity require review. | cl_batch_entity_list_ops_during_latch: no readback; this game build may ignore or reject the setting."
tf100-003-r-particle-batch-collections,r_particle_batch_collections,1,3,1+2+3,275.9052646787031,0.6443409220061369,143.49003979091455,116.29326068746168,6.430964033333333,0.29,False,274.9/276.0/276.8,"Replay progression and camera require operator review; demo_info describes the file, not current playback state. | Whole GameInfo swap: file application verified, individual cvar effects and replay fidelity require review. | r_particle_batch_collections: no readback; this game build may ignore or reject the setting."
tf100-004-r-limit-particle-job-duration,r_limit_particle_job_duration,1,3,1+2+3,276.51815240787937,0.8679092603412597,143.94393008394638,115.8692248774784,6.420570833333334,0.31,False,275.6/276.3/277.7,"Replay progression and camera require operator review; demo_info describes the file, not current playback state. | Whole GameInfo swap: file application verified, individual cvar effects and replay fidelity require review. | r_limit_particle_job_duration: no readback; this game build may ignore or reject the setting."
tf100-005-r-particle-skip-postsim,r_particle_skip_postsim,1,3,1+2+3,275.56806771891667,0.5213386812981557,143.98807166820828,114.66656089781623,6.408385833333331,1.08,True,271.6/276.2/278.9,"Replay progression and camera require operator review; demo_info describes the file, not current playback state. | Whole GameInfo swap: file application verified, individual cvar effects and replay fidelity require review. | r_particle_skip_postsim: no readback; this game build may ignore or reject the setting."
tf100-006-r-update-particles-on-render-only-frames,r_update_particles_on_render_only_frames,1,3,1+2+3,275.0134376647953,0.31902149710962835,143.32041781544726,114.42570855347144,6.411836066666666,0.34,False,274.1/274.6/276.3,"Replay progression and camera require operator review; demo_info describes the file, not current playback state. | Whole GameInfo swap: file application verified, individual cvar effects and replay fidelity require review. | r_update_particles_on_render_only_frames: no readback; this game build may ignore or reject the setting."
tf100-007-r-physics-particle-op-spawn-scale,r_physics_particle_op_spawn_scale,0,3,1+2+3,277.4061476746383,1.1918309458114118,143.68657775624263,114.76674574976214,6.410763966666665,0.98,False,273.7/278.4/280.1,"Replay progression and camera require operator review; demo_info describes the file, not current playback state. | Whole GameInfo swap: file application verified, individual cvar effects and replay fidelity require review. | r_physics_particle_op_spawn_scale: no readback; this game build may ignore or reject the setting."
tf100-008-cl-particle-sim-fallback-threshold-ms,cl_particle_sim_fallback_threshold_ms,2,3,1+2+3,275.78202424763646,0.5993854479810601,143.39298036085083,113.70273983772104,6.435432133333333,0.17,False,275.2/275.9/276.3,"Replay progression and camera require operator review; demo_info describes the file, not current playback state. | Whole GameInfo swap: file application verified, individual cvar effects and replay fidelity require review. | cl_particle_sim_fallback_threshold_ms: no readback; this game build may ignore or reject the setting."
tf100-009-cl-particle-sim-fallback-base-multiplier,cl_particle_sim_fallback_base_multiplier,100,3,1+2+3,276.53364623624407,0.8735610776269498,141.48959281189198,112.03723916838646,6.471642133333332,0.69,False,273.9/277.5/278.3,"Replay progression and camera require operator review; demo_info describes the file, not current playback state. | Whole GameInfo swap: file application verified, individual cvar effects and replay fidelity require review. | cl_particle_sim_fallback_base_multiplier: no readback; this game build may ignore or reject the setting."
tf100-010-cl-particle-fallback-base,cl_particle_fallback_base,10,3,1+2+3,274.6852214423725,0.19929523735842114,143.0539540849372,115.46067826337658,6.437601900000001,0.72,False,272.2/274.8/277.1,"Replay progression and camera require operator review; demo_info describes the file, not current playback state. | Whole GameInfo swap: file application verified, individual cvar effects and replay fidelity require review. | cl_particle_fallback_base: no readback; this game build may ignore or reject the setting."
tf100-011-cl-particle-fallback-multiplier,cl_particle_fallback_multiplier,10,3,1+2+3,274.8278933678972,0.2513389050616377,143.3079778106381,112.28665760714857,6.420610166666667,0.19,False,274.2/274.8/275.5,"Replay progression and camera require operator review; demo_info describes the file, not current playback state. | Whole GameInfo swap: file application verified, individual cvar effects and replay fidelity require review. | cl_particle_fallback_multiplier: no readback; this game build may ignore or reject the setting."
tf100-012-r-particle-max-detail-level,r_particle_max_detail_level,1,3,1+2+3,275.64387777976395,0.5489925704623255,142.64881814677483,112.17734881325055,6.389211633333332,0.14,False,275.4/275.4/276.2,"Replay progression and camera require operator review; demo_info describes the file, not current playback state. | Whole GameInfo swap: file application verified, individual cvar effects and replay fidelity require review. | r_particle_max_detail_level: no readback; this game build may ignore or reject the setting."
tf100-013-cl-particle-max-count,cl_particle_max_count,500,3,1+2+3,248.85236659778832,-9.223977830644458,137.5243739015282,112.93851918427622,6.732640733333334,0.25,False,248.0/249.1/249.5,"Replay progression and camera require operator review; demo_info describes the file, not current playback state. | Whole GameInfo swap: file application verified, individual cvar effects and replay fidelity require review. | cl_particle_max_count: no readback; this game build may ignore or reject the setting."
tf100-014-r-particle-min-timestep,r_particle_min_timestep,0.001,3,1+2+3,276.41485940102433,0.8302301801363932,143.60425535001596,116.19164775127882,6.426128366666666,0.68,False,273.8/277.4/278.1,"Replay progression and camera require operator review; demo_info describes the file, not current playback state. | Whole GameInfo swap: file application verified, individual cvar effects and replay fidelity require review. | r_particle_min_timestep: no readback; this game build may ignore or reject the setting."
tf100-015-r-particle-model-per-thread-count,r_particle_model_per_thread_count,64,3,1+2+3,274.80755045614956,0.24391824584493182,143.47157385947742,117.19611956889752,6.432255266666666,0.54,False,273.0/274.7/276.7,"Replay progression and camera require operator review; demo_info describes the file, not current playback state. | Whole GameInfo swap: file application verified, individual cvar effects and replay fidelity require review. | r_particle_model_per_thread_count: no readback; this game build may ignore or reject the setting."
tf100-016-r-particle-allowprerender,r_particle_allowprerender,0,3,1+2+3,268.880069993034,-1.9182998808481067,140.9469188651972,112.47237218608694,6.5564833333333326,0.95,False,266.9/267.3/272.5,"Replay progression and camera require operator review; demo_info describes the file, not current playback state. | Whole GameInfo swap: file application verified, individual cvar effects and replay fidelity require review. | r_particle_allowprerender: no readback; this game build may ignore or reject the setting."
tf100-017-r-particle-max-size-cull,r_particle_max_size_cull,1600,3,1+2+3,274.9371448413804,0.29119150648364567,142.51132063528317,113.76259933552141,6.466263599999999,0.25,False,274.0/275.4/275.5,"Replay progression and camera require operator review; demo_info describes the file, not current playback state. | Whole GameInfo swap: file application verified, individual cvar effects and replay fidelity require review. | r_particle_max_size_cull: no readback; this game build may ignore or reject the setting."
tf100-018-r-particle-cables-render,r_particle_cables_render,0,3,1+2+3,277.36781788069226,1.1778490565790056,143.7105766573418,113.93189514547225,6.383471933333333,0.46,False,276.1/276.9/279.1,"Replay progression and camera require operator review; demo_info describes the file, not current playback state. | Whole GameInfo swap: file application verified, individual cvar effects and replay fidelity require review. | r_particle_cables_render: no readback; this game build may ignore or reject the setting."
tf100-019-r-particle-cables-render-meshlets,r_particle_cables_render_meshlets,0,3,1+2+3,278.2494887975964,1.4994637544545775,144.26266165989145,116.71942636280079,6.355754833333337,0.46,False,277.3/277.4/280.1,"Replay progression and camera require operator review; demo_info describes the file, not current playback state. | Whole GameInfo swap: file application verified, individual cvar effects and replay fidelity require review. | r_particle_cables_render_meshlets: no readback; this game build may ignore or reject the setting."
tf100-020-r-draw-particle-children-with-parents,r_draw_particle_children_with_parents,0,3,1+2+3,271.9692686393386,-0.7914262704567188,140.9738199145,113.44684059996457,6.497667799999999,0.55,False,269.9/272.6/273.4,"Replay progression and camera require operator review; demo_info describes the file, not current playback state. | Whole GameInfo swap: file application verified, individual cvar effects and replay fidelity require review."
tf100-021-cl-disable-ragdolls,cl_disable_ragdolls,1,3,1+2+3,279.84267701623907,2.0806247497575203,146.33929251679066,121.0165195545192,6.324791033333334,0.4,False,278.4/280.1/281.1,"Replay progression and camera require operator review; demo_info describes the file, not current playback state. | Whole GameInfo swap: file application verified, individual cvar effects and replay fidelity require review."
tf100-022-cl-ragdoll-limit,cl_ragdoll_limit,1,3,1+2+3,277.96286683910006,1.3949101927810403,146.3397335286904,117.79291273252745,6.309635700000001,1.3,True,272.9/279.8/281.2,"Replay progression and camera require operator review; demo_info describes the file, not current playback state. | Whole GameInfo swap: file application verified, individual cvar effects and replay fidelity require review. | cl_ragdoll_limit: requested 1, read back 20."
tf100-023-cl-phys-animated-hierarchy,cl_phys_animated_hierarchy,0,3,1+2+3,275.57456080075355,0.5237072187118441,145.11725927422071,115.38495272438,6.369416433333335,1.56,True,272.2/272.8/281.7,"Replay progression and camera require operator review; demo_info describes the file, not current playback state. | Whole GameInfo swap: file application verified, individual cvar effects and replay fidelity require review. | cl_phys_animated_hierarchy: no readback; this game build may ignore or reject the setting."
tf100-024-cl-phys-networked-start-sleep,cl_phys_networked_start_sleep,1,3,1+2+3,277.8641333668099,1.3588943332897063,143.94369056942648,113.27463373461387,6.390807266666666,0.56,False,275.7/278.9/279.0,"Replay progression and camera require operator review; demo_info describes the file, not current playback state. | Whole GameInfo swap: file application verified, individual cvar effects and replay fidelity require review. | cl_phys_networked_start_sleep: no readback; this game build may ignore or reject the setting."
tf100-025-cl-simulate-dormant-entities,cl_simulate_dormant_entities,0,3,1+2+3,273.6020826191032,-0.19581064480704846,142.07791161220644,113.38715636897382,6.455102233333332,0.91,False,270.1/274.9/275.8,"Replay progression and camera require operator review; demo_info describes the file, not current playback state. | Whole GameInfo swap: file application verified, individual cvar effects and replay fidelity require review. | cl_simulate_dormant_entities: no readback; this game build may ignore or reject the setting."
tf100-026-cloth-sim-on-tick,cloth_sim_on_tick,0,3,1+2+3,279.25877688685756,1.8676304679908773,144.77841770292625,115.95283257105625,6.381200266666668,0.12,False,278.9/279.2/279.7,"Replay progression and camera require operator review; demo_info describes the file, not current playback state. | Whole GameInfo swap: file application verified, individual cvar effects and replay fidelity require review. | cloth_sim_on_tick: no readback; this game build may ignore or reject the setting."
tf100-027-ik-enable,ik_enable,0,3,1+2+3,277.99317508117815,1.4059659914154254,144.00445774991024,115.8931444982613,6.345740833333333,0.06,False,277.8/277.9/278.2,"Replay progression and camera require operator review; demo_info describes the file, not current playback state. | Whole GameInfo swap: file application verified, individual cvar effects and replay fidelity require review."
tf100-028-ik-final-fixup-enable,ik_final_fixup_enable,0,3,1+2+3,277.0881415651485,1.0758291169371326,143.55003055331386,115.71395005813599,6.387347999999999,1.46,True,271.5/278.9/280.9,"Replay progression and camera require operator review; demo_info describes the file, not current playback state. | Whole GameInfo swap: file application verified, individual cvar effects and replay fidelity require review. | ik_final_fixup_enable: no readback; this game build may ignore or reject the setting."
tf100-029-ik-constraints-enabled,ik_constraints_enabled,0,3,1+2+3,274.1913810614497,0.019152826098056686,143.723162963195,113.47557836268992,6.407392766666667,1.04,True,270.6/274.3/277.6,"Replay progression and camera require operator review; demo_info describes the file, not current playback state. | Whole GameInfo swap: file application verified, individual cvar effects and replay fidelity require review. | ik_constraints_enabled: no readback; this game build may ignore or reject the setting."
tf100-030-ik-fabrik-align-chain,ik_fabrik_align_chain,0,3,1+2+3,276.8415060135771,0.985861741487648,143.21405928655673,115.04611569445154,6.441151333333334,0.16,False,276.4/276.6/277.5,"Replay progression and camera require operator review; demo_info describes the file, not current playback state. | Whole GameInfo swap: file application verified, individual cvar effects and replay fidelity require review. | ik_fabrik_align_chain: no readback; this game build may ignore or reject the setting."
tf100-031-ik-planetilt-enable,ik_planetilt_enable,0,3,1+2+3,274.7687149487599,0.22975188316187722,143.6646132382701,114.29773736070943,6.4142269,0.72,False,273.2/273.6/277.5,"Replay progression and camera require operator review; demo_info describes the file, not current playback state. | Whole GameInfo swap: file application verified, individual cvar effects and replay fidelity require review. | ik_planetilt_enable: no readback; this game build may ignore or reject the setting."
tf100-032-animgraph-footlock-enabled,animgraph_footlock_enabled,0,3,1+2+3,279.5733871271425,1.98239355639247,144.4555208021601,114.30899186227317,6.3337168666666654,0.91,False,276.0/281.2/281.6,"Replay progression and camera require operator review; demo_info describes the file, not current playback state. | Whole GameInfo swap: file application verified, individual cvar effects and replay fidelity require review. | animgraph_footlock_enabled: no readback; this game build may ignore or reject the setting."
tf100-033-animgraph-footlock-ik-enable,animgraph_footlock_ik_enable,0,3,1+2+3,276.06934100377225,0.7041924569767488,143.99550791514625,112.4870090987689,6.413672233333333,0.22,False,275.3/276.2/276.8,"Replay progression and camera require operator review; demo_info describes the file, not current playback state. | Whole GameInfo swap: file application verified, individual cvar effects and replay fidelity require review."
tf100-034-animgraph-footlock-trace-ground-enabled,animgraph_footlock_trace_ground_enabled,0,3,1+2+3,278.1667583243447,1.469285446823232,144.20243061425208,116.24618832365273,6.38514693333333,1.01,True,275.8/276.6/282.1,"Replay progression and camera require operator review; demo_info describes the file, not current playback state. | Whole GameInfo swap: file application verified, individual cvar effects and replay fidelity require review. | animgraph_footlock_trace_ground_enabled: no readback; this game build may ignore or reject the setting."
tf100-035-animgraph-footlock-auto-ledge-detection,animgraph_footlock_auto_ledge_detection,0,3,1+2+3,273.35292401701264,-0.2866983751359853,141.9849015044273,112.94525876519548,6.472504499999999,0.78,False,271.2/272.6/276.3,"Replay progression and camera require operator review; demo_info describes the file, not current playback state. | Whole GameInfo swap: file application verified, individual cvar effects and replay fidelity require review. | animgraph_footlock_auto_ledge_detection: no readback; this game build may ignore or reject the setting."
tf100-036-animgraph-footlock-auto-stair-detection,animgraph_footlock_auto_stair_detection,0,3,1+2+3,275.6937122611527,0.5671711236711507,141.38935621293928,112.63703566897595,6.478324333333333,0.49,False,273.8/276.3/277.0,"Replay progression and camera require operator review; demo_info describes the file, not current playback state. | Whole GameInfo swap: file application verified, individual cvar effects and replay fidelity require review. | animgraph_footlock_auto_stair_detection: no readback; this game build may ignore or reject the setting."
tf100-037-animgraph-footlock-calculate-tilt,animgraph_footlock_calculate_tilt,0,3,1+2+3,276.35052187472826,0.8067612262613544,143.51650297089893,114.28924141944754,6.414888200000001,0.96,False,272.8/277.1/279.2,"Replay progression and camera require operator review; demo_info describes the file, not current playback state. | Whole GameInfo swap: file application verified, individual cvar effects and replay fidelity require review. | animgraph_footlock_calculate_tilt: no readback; this game build may ignore or reject the setting."
tf100-038-animgraph-footlock-use-hip-shift,animgraph_footlock_use_hip_shift,0,3,1+2+3,276.9668386416786,1.0315804042539733,144.50911316434227,114.83504780750194,6.387361133333335,0.38,False,275.9/276.7/278.4,"Replay progression and camera require operator review; demo_info describes the file, not current playback state. | Whole GameInfo swap: file application verified, individual cvar effects and replay fidelity require review. | animgraph_footlock_use_hip_shift: no readback; this game build may ignore or reject the setting."
tf100-039-animgraph-footlock-hip-offset-enable,animgraph_footlock_hip_offset_enable,0,3,1+2+3,276.23775999493824,0.7656281036810153,142.6112567406802,113.00323341466685,6.422968133333334,0.61,False,274.0/276.5/278.2,"Replay progression and camera require operator review; demo_info describes the file, not current playback state. | Whole GameInfo swap: file application verified, individual cvar effects and replay fidelity require review. | animgraph_footlock_hip_offset_enable: no readback; this game build may ignore or reject the setting."
tf100-040-animgraph-slowdownonslopes-enabled,animgraph_slowdownonslopes_enabled,0,3,1+2+3,276.48309422634446,0.8551207853601417,142.05198673164873,113.81888394563401,6.482425733333332,0.19,False,275.8/276.6/277.1,"Replay progression and camera require operator review; demo_info describes the file, not current playback state. | Whole GameInfo swap: file application verified, individual cvar effects and replay fidelity require review. | animgraph_slowdownonslopes_enabled: no readback; this game build may ignore or reject the setting."
tf100-041-cl-skel-constraints-enable,cl_skel_constraints_enable,0,3,1+2+3,276.72646405114875,0.943896893515439,144.27538163910785,115.94681170781583,6.375589199999999,0.56,False,275.4/275.9/278.9,"Replay progression and camera require operator review; demo_info describes the file, not current playback state. | Whole GameInfo swap: file application verified, individual cvar effects and replay fidelity require review."
tf100-042-r-morphing-enabled,r_morphing_enabled,0,3,1+2+3,279.89215523078684,2.09867334444076,144.55103948431176,113.29986073050803,6.303910633333327,0.8,False,277.1/280.0/282.6,"Replay progression and camera require operator review; demo_info describes the file, not current playback state. | Whole GameInfo swap: file application verified, individual cvar effects and replay fidelity require review."
tf100-043-r-smooth-morph-normals,r_smooth_morph_normals,0,3,1+2+3,275.1545425664187,0.3704935480010496,144.03165705462968,116.9771587168474,6.478529833333332,0.12,False,274.9/275.0/275.6,"Replay progression and camera require operator review; demo_info describes the file, not current playback state. | Whole GameInfo swap: file application verified, individual cvar effects and replay fidelity require review."
tf100-044-cl-enable-eye-occlusion,cl_enable_eye_occlusion,0,3,1+2+3,277.29471377485646,1.1511822419420836,145.52796789802503,116.73514006317923,6.3732826666666655,0.58,False,275.3/277.3/279.3,"Replay progression and camera require operator review; demo_info describes the file, not current playback state. | Whole GameInfo swap: file application verified, individual cvar effects and replay fidelity require review. | cl_enable_eye_occlusion: no readback; this game build may ignore or reject the setting."
tf100-045-r-strip-invisible-during-sceneobject-update,r_strip_invisible_during_sceneobject_update,1,3,1+2+3,279.62260689842924,2.0003478765003413,143.0264164245383,111.77717624749893,6.383450466666669,0.94,False,277.3/278.3/283.3,"Replay progression and camera require operator review; demo_info describes the file, not current playback state. | Whole GameInfo swap: file application verified, individual cvar effects and replay fidelity require review. | r_strip_invisible_during_sceneobject_update: no readback; this game build may ignore or reject the setting."
tf100-046-sc-clutter-enable,sc_clutter_enable,0,3,1+2+3,278.32168287035006,1.5257986084822095,144.0132253850379,113.69919272759348,6.303395200000001,0.65,False,275.8/279.4/279.9,"Replay progression and camera require operator review; demo_info describes the file, not current playback state. | Whole GameInfo swap: file application verified, individual cvar effects and replay fidelity require review. | sc_clutter_enable: no readback; this game build may ignore or reject the setting."
tf100-047-sc-clutter-density-full-size,sc_clutter_density_full_size,0.5,3,1+2+3,279.27067726256513,1.8719714705853985,144.4717559870685,114.73719666135501,6.394272933333333,0.61,False,277.9/278.3/281.7,"Replay progression and camera require operator review; demo_info describes the file, not current playback state. | Whole GameInfo swap: file application verified, individual cvar effects and replay fidelity require review. | sc_clutter_density_full_size: no readback; this game build may ignore or reject the setting."
tf100-048-sc-clutter-density-none-size,sc_clutter_density_none_size,0.1,3,1+2+3,277.5132003165067,1.230881460477562,145.12481551550763,114.74912970962426,6.338246666666667,1.66,True,272.4/276.5/283.6,"Replay progression and camera require operator review; demo_info describes the file, not current playback state. | Whole GameInfo swap: file application verified, individual cvar effects and replay fidelity require review. | sc_clutter_density_none_size: no readback; this game build may ignore or reject the setting."
tf100-049-r-propsmaxdist,r_propsmaxdist,700,3,1+2+3,273.3775742549266,-0.27770649543658044,142.25473791967428,114.12486193614556,6.490907400000001,0.44,False,272.3/272.8/275.0,"Replay progression and camera require operator review; demo_info describes the file, not current playback state. | Whole GameInfo swap: file application verified, individual cvar effects and replay fidelity require review. | r_propsmaxdist: no readback; this game build may ignore or reject the setting."
tf100-050-r-size-cull-threshold,r_size_cull_threshold,1.6,3,1+2+3,292.4065192739991,6.663645755002978,151.3639041887399,117.15068752191773,5.9620467999999995,0.47,False,290.5/293.3/293.4,"Replay progression and camera require operator review; demo_info describes the file, not current playback state. | Whole GameInfo swap: file application verified, individual cvar effects and replay fidelity require review. | r_size_cull_threshold: no readback; this game build may ignore or reject the setting."
tf100-051-sc-instanced-mesh-size-cull-bias,sc_instanced_mesh_size_cull_bias,10,3,1+2+3,277.8159685619166,1.341324842364,144.19933467067045,116.45076978965211,6.4333154666666665,0.29,False,276.9/277.7/278.9,"Replay progression and camera require operator review; demo_info describes the file, not current playback state. | Whole GameInfo swap: file application verified, individual cvar effects and replay fidelity require review. | sc_instanced_mesh_size_cull_bias: no readback; this game build may ignore or reject the setting."
tf100-052-sc-instanced-mesh-lod-bias,sc_instanced_mesh_lod_bias,15,3,1+2+3,276.87225139272965,0.9970769983795646,143.69697641545574,115.03482763846235,6.426240133333334,0.32,False,275.6/277.3/277.7,"Replay progression and camera require operator review; demo_info describes the file, not current playback state. | Whole GameInfo swap: file application verified, individual cvar effects and replay fidelity require review. | sc_instanced_mesh_lod_bias: no readback; this game build may ignore or reject the setting."
tf100-053-sc-aggregate-bvh-threshold,sc_aggregate_bvh_threshold,256,3,1+2+3,275.31457110230616,0.4288685360313238,143.04934332309256,113.87643965245536,6.478015033333333,0.7,False,273.0/275.1/277.8,"Replay progression and camera require operator review; demo_info describes the file, not current playback state. | Whole GameInfo swap: file application verified, individual cvar effects and replay fidelity require review. | sc_aggregate_bvh_threshold: no readback; this game build may ignore or reject the setting."
tf100-054-sc-layer-batch-threshold,sc_layer_batch_threshold,256,3,1+2+3,273.32676084110693,-0.2962421422638917,142.9192411436456,114.82396582123086,6.396213466666668,0.48,False,271.6/273.6/274.8,"Replay progression and camera require operator review; demo_info describes the file, not current playback state. | Whole GameInfo swap: file application verified, individual cvar effects and replay fidelity require review. | sc_layer_batch_threshold: no readback; this game build may ignore or reject the setting."
tf100-055-sc-layer-batch-threshold-fullsort,sc_layer_batch_threshold_fullsort,120,3,1+2+3,276.84711983117376,0.9879095421076567,143.8857982387781,113.1132360211861,6.352790966666666,0.43,False,275.2/277.4/278.0,"Replay progression and camera require operator review; demo_info describes the file, not current playback state. | Whole GameInfo swap: file application verified, individual cvar effects and replay fidelity require review. | sc_layer_batch_threshold_fullsort: no readback; this game build may ignore or reject the setting."
tf100-056-sc-force-materials-batchable,sc_force_materials_batchable,1,3,1+2+3,277.14138133685645,1.0952498472396988,143.3803572815036,115.64465703238466,6.451201633333331,0.47,False,275.8/276.7/278.9,"Replay progression and camera require operator review; demo_info describes the file, not current playback state. | Whole GameInfo swap: file application verified, individual cvar effects and replay fidelity require review."
tf100-057-sc-force-single-display-list-per-layer,sc_force_single_display_list_per_layer,1,3,1+2+3,276.26366031476306,0.7750759865312151,144.29397456560233,114.779707612076,6.396214633333334,0.75,False,274.7/274.9/279.2,"Replay progression and camera require operator review; demo_info describes the file, not current playback state. | Whole GameInfo swap: file application verified, individual cvar effects and replay fidelity require review. | sc_force_single_display_list_per_layer: no readback; this game build may ignore or reject the setting."
tf100-058-cl-impacteffects,cl_impacteffects,0,3,1+2+3,272.0814032851031,-0.7505219494368665,141.4896690047079,114.49079373378557,6.485605166666663,0.55,False,270.0/272.9/273.4,"Replay progression and camera require operator review; demo_info describes the file, not current playback state. | Whole GameInfo swap: file application verified, individual cvar effects and replay fidelity require review. | cl_impacteffects: no readback; this game build may ignore or reject the setting."
tf100-059-cl-show-splashes,cl_show_splashes,0,3,1+2+3,277.5767123746554,1.2540493012232812,144.92526613065334,115.78525569824292,6.341990200000001,0.72,False,275.7/276.6/280.3,"Replay progression and camera require operator review; demo_info describes the file, not current playback state. | Whole GameInfo swap: file application verified, individual cvar effects and replay fidelity require review. | cl_show_splashes: no readback; this game build may ignore or reject the setting."
tf100-060-snd-steamaudio-max-occlusion-samples,snd_steamaudio_max_occlusion_samples,32,3,1+2+3,275.7689255804716,0.5946073342857794,144.09110373126921,115.23840621571757,6.4111442,0.59,False,274.4/274.9/278.1,"Replay progression and camera require operator review; demo_info describes the file, not current playback state. | Whole GameInfo swap: file application verified, individual cvar effects and replay fidelity require review."
tf100-061-snd-steamaudio-num-diffuse-samples,snd_steamaudio_num_diffuse_samples,512,3,1+2+3,276.46293423300665,0.8477668508680258,144.82848241330564,114.79096675220045,6.3667083,0.98,False,273.1/276.5/279.8,"Replay progression and camera require operator review; demo_info describes the file, not current playback state. | Whole GameInfo swap: file application verified, individual cvar effects and replay fidelity require review."
tf100-062-snd-steamaudio-num-threads,snd_steamaudio_num_threads,4,3,1+2+3,277.0363333029309,1.0569305706869425,144.00239649936475,115.00044729428548,6.369864266666667,0.45,False,275.9/276.4/278.8,"Replay progression and camera require operator review; demo_info describes the file, not current playback state. | Whole GameInfo swap: file application verified, individual cvar effects and replay fidelity require review."
tf100-063-snd-occlusion-bounces,snd_occlusion_bounces,0,3,1+2+3,277.6295587479872,1.2733265282101724,144.40833384256578,115.45562594528023,6.425843499999999,0.14,False,277.1/277.9/278.0,"Replay progression and camera require operator review; demo_info describes the file, not current playback state. | Whole GameInfo swap: file application verified, individual cvar effects and replay fidelity require review."
tf100-064-snd-use-baked-occlusion,snd_use_baked_occlusion,1,3,1+2+3,274.72664334448893,0.2144050615333848,142.41646301127295,113.63444211741046,6.510686566666666,0.78,False,272.0/275.0/277.2,"Replay progression and camera require operator review; demo_info describes the file, not current playback state. | Whole GameInfo swap: file application verified, individual cvar effects and replay fidelity require review."
tf100-065-snd-occlusion-rays,snd_occlusion_rays,0,3,1+2+3,274.65861797889335,0.18959086273830916,143.96509958256584,116.12861404817625,6.419214266666667,0.59,False,273.4/273.7/276.9,"Replay progression and camera require operator review; demo_info describes the file, not current playback state. | Whole GameInfo swap: file application verified, individual cvar effects and replay fidelity require review."
tf100-066-r-citadel-gpu-culling-shadows,r_citadel_gpu_culling_shadows,1,3,1+2+3,273.8106522396761,-0.11972890702884875,141.4154458650503,112.76884427072639,6.4744764,0.35,False,272.8/273.6/275.1,"Replay progression and camera require operator review; demo_info describes the file, not current playback state. | Whole GameInfo swap: file application verified, individual cvar effects and replay fidelity require review. | r_citadel_gpu_culling_shadows: no readback; this game build may ignore or reject the setting."
tf100-067-lb-enable-shadow-casting,lb_enable_shadow_casting,0,3,1+2+3,276.63613103210633,0.9109453397434963,142.9988732931332,114.981275307249,6.430943433333333,0.31,False,275.4/277.0/277.5,"Replay progression and camera require operator review; demo_info describes the file, not current playback state. | Whole GameInfo swap: file application verified, individual cvar effects and replay fidelity require review. | lb_enable_shadow_casting: no readback; this game build may ignore or reject the setting."
tf100-068-lb-enable-baked-shadows,lb_enable_baked_shadows,0,3,1+2+3,286.12052243687344,4.370648521162379,146.55396552528748,113.1331578784448,6.238550133333334,0.35,False,284.9/286.2/287.3,"Replay progression and camera require operator review; demo_info describes the file, not current playback state. | Whole GameInfo swap: file application verified, individual cvar effects and replay fidelity require review. | lb_enable_baked_shadows: no readback; this game build may ignore or reject the setting."
tf100-069-lb-mixed-shadows,lb_mixed_shadows,0,3,1+2+3,284.5425816426425,3.795049460251909,146.53051691454434,114.70507683803585,6.270672533333333,0.62,False,282.2/284.9/286.5,"Replay progression and camera require operator review; demo_info describes the file, not current playback state. | Whole GameInfo swap: file application verified, individual cvar effects and replay fidelity require review. | lb_mixed_shadows: no readback; this game build may ignore or reject the setting."
tf100-070-lb-dynamic-shadow-resolution-base,lb_dynamic_shadow_resolution_base,64,3,1+2+3,278.83883427686527,1.714444383423186,145.95282783609164,118.31397647056032,6.368845566666667,0.78,False,276.6/278.2/281.8,"Replay progression and camera require operator review; demo_info describes the file, not current playback state. | Whole GameInfo swap: file application verified, individual cvar effects and replay fidelity require review. | lb_dynamic_shadow_resolution_base: no readback; this game build may ignore or reject the setting."
tf100-071-lb-sun-csm-size-cull-threshold-texels,lb_sun_csm_size_cull_threshold_texels,30,3,1+2+3,279.8237883673023,2.0737345745179825,145.20218659668538,115.25960103063387,6.337950133333333,0.6,False,278.2/279.1/282.1,"Replay progression and camera require operator review; demo_info describes the file, not current playback state. | Whole GameInfo swap: file application verified, individual cvar effects and replay fidelity require review. | lb_sun_csm_size_cull_threshold_texels: no readback; this game build may ignore or reject the setting."
tf100-072-sc-instanced-mesh-lod-bias-shadow,sc_instanced_mesh_lod_bias_shadow,10,3,1+2+3,274.56114387956916,0.15403439557601928,142.72716239640647,114.17068265900566,6.417015166666668,1.44,True,269.3/275.7/278.7,"Replay progression and camera require operator review; demo_info describes the file, not current playback state. | Whole GameInfo swap: file application verified, individual cvar effects and replay fidelity require review. | sc_instanced_mesh_lod_bias_shadow: no readback; this game build may ignore or reject the setting."
tf100-073-sc-instanced-mesh-size-cull-bias-shadow,sc_instanced_mesh_size_cull_bias_shadow,10,3,1+2+3,274.6525071577994,0.18736176586982012,142.48076510649676,112.98252571366244,6.470536833333331,0.4,False,273.1/275.4/275.5,"Replay progression and camera require operator review; demo_info describes the file, not current playback state. | Whole GameInfo swap: file application verified, individual cvar effects and replay fidelity require review. | sc_instanced_mesh_size_cull_bias_shadow: no readback; this game build may ignore or reject the setting."
tf100-074-r-size-cull-threshold-shadow,r_size_cull_threshold_shadow,1,3,1+2+3,277.29757244221895,1.1522250226695618,143.4883768486474,115.12709631186925,6.408777333333333,0.26,False,276.3/277.7/278.0,"Replay progression and camera require operator review; demo_info describes the file, not current playback state. | Whole GameInfo swap: file application verified, individual cvar effects and replay fidelity require review."
tf100-075-sc-disable-spotlight-shadows,sc_disable_spotlight_shadows,1,3,1+2+3,274.2431575708138,0.038039789586274964,143.65955017342557,112.08019775434673,6.3881000666666665,0.45,False,272.9/273.9/275.9,"Replay progression and camera require operator review; demo_info describes the file, not current playback state. | Whole GameInfo swap: file application verified, individual cvar effects and replay fidelity require review. | sc_disable_spotlight_shadows: requested 1, read back 0."
tf100-076-r-particle-cables-cast-shadows,r_particle_cables_cast_shadows,0,3,1+2+3,275.52291670518764,0.5048685569458256,143.02933647264862,113.73047598808546,6.412937833333333,1.21,True,272.4/274.1/280.1,"Replay progression and camera require operator review; demo_info describes the file, not current playback state. | Whole GameInfo swap: file application verified, individual cvar effects and replay fidelity require review. | r_particle_cables_cast_shadows: no readback; this game build may ignore or reject the setting."
tf100-077-r-citadel-distancefield-shadows,r_citadel_distancefield_shadows,0,3,1+2+3,274.9765236162381,0.30555604152247007,141.31216642406125,113.34266812394772,6.4748449,0.86,False,272.5/274.3/278.2,"Replay progression and camera require operator review; demo_info describes the file, not current playback state. | Whole GameInfo swap: file application verified, individual cvar effects and replay fidelity require review. | r_citadel_distancefield_shadows: no readback; this game build may ignore or reject the setting."
tf100-078-r-citadel-depth-prepass-dynamic-objects,r_citadel_depth_prepass_dynamic_objects,0,3,1+2+3,275.504435678344,0.4981270735297638,142.91627505170752,114.54443603367436,6.429931566666667,0.92,False,272.4/275.6/278.6,"Replay progression and camera require operator review; demo_info describes the file, not current playback state. | Whole GameInfo swap: file application verified, individual cvar effects and replay fidelity require review. | r_citadel_depth_prepass_dynamic_objects: no readback; this game build may ignore or reject the setting."
tf100-079-r-enable-volume-fog,r_enable_volume_fog,0,3,1+2+3,277.45769955878467,1.210635970823315,144.11063714867075,115.26776130865302,6.375432966666668,0.26,False,276.6/277.4/278.4,"Replay progression and camera require operator review; demo_info describes the file, not current playback state. | Whole GameInfo swap: file application verified, individual cvar effects and replay fidelity require review. | r_enable_volume_fog: no readback; this game build may ignore or reject the setting."
tf100-080-r-enable-cubemap-fog,r_enable_cubemap_fog,0,3,1+2+3,277.4366069952686,1.2029418546711579,143.2309925474508,116.09872250684924,6.369878566666667,0.36,False,276.6/276.9/278.8,"Replay progression and camera require operator review; demo_info describes the file, not current playback state. | Whole GameInfo swap: file application verified, individual cvar effects and replay fidelity require review. | r_enable_cubemap_fog: no readback; this game build may ignore or reject the setting."
tf100-081-r-enable-gradient-fog,r_enable_gradient_fog,0,3,1+2+3,275.2102804829068,0.3908255481020362,142.7086009724574,114.46503505713622,6.463956,0.71,False,272.8/275.3/277.6,"Replay progression and camera require operator review; demo_info describes the file, not current playback state. | Whole GameInfo swap: file application verified, individual cvar effects and replay fidelity require review. | r_enable_gradient_fog: no readback; this game build may ignore or reject the setting."
tf100-082-lb-enable-fog-mixed-shadows,lb_enable_fog_mixed_shadows,0,3,1+2+3,275.5486970679546,0.514272682026351,142.09330915651762,112.66873008031423,6.373225266666668,0.33,False,274.3/276.1/276.3,"Replay progression and camera require operator review; demo_info describes the file, not current playback state. | Whole GameInfo swap: file application verified, individual cvar effects and replay fidelity require review. | lb_enable_fog_mixed_shadows: no readback; this game build may ignore or reject the setting."
tf100-083-r-citadel-screenspace-particles-full-res,r_citadel_screenspace_particles_full_res,0,3,1+2+3,272.67503508936403,-0.5339777607648588,142.18273029870747,113.85300733233915,6.509661933333336,0.21,False,272.2/272.3/273.5,"Replay progression and camera require operator review; demo_info describes the file, not current playback state. | Whole GameInfo swap: file application verified, individual cvar effects and replay fidelity require review. | r_citadel_screenspace_particles_full_res: no readback; this game build may ignore or reject the setting."
tf100-084-r-drawdecals,r_drawdecals,0,3,1+2+3,279.2421227360239,1.8615553898794657,144.46050519183748,116.42744672817378,6.392963233333334,0.59,False,277.0/279.8/280.9,"Replay progression and camera require operator review; demo_info describes the file, not current playback state. | Whole GameInfo swap: file application verified, individual cvar effects and replay fidelity require review."
tf100-085-r-render-hair,r_render_hair,0,3,1+2+3,277.11531408357183,1.085741070632884,141.92009277662842,114.01060290596932,6.470150233333328,0.57,False,275.0/277.7/278.7,"Replay progression and camera require operator review; demo_info describes the file, not current playback state. | Whole GameInfo swap: file application verified, individual cvar effects and replay fidelity require review. | r_render_hair: no readback; this game build may ignore or reject the setting."
tf100-086-r-texture-stream-max-resolution,r_texture_stream_max_resolution,512,3,1+2+3,275.1930633173344,0.38454509425280836,142.8476307067787,114.06987113123581,6.480636666666666,0.24,False,274.6/274.8/276.1,"Replay progression and camera require operator review; demo_info describes the file, not current playback state. | Whole GameInfo swap: file application verified, individual cvar effects and replay fidelity require review. | r_texture_stream_max_resolution: no readback; this game build may ignore or reject the setting."
tf100-087-r-texturefilteringquality,r_texturefilteringquality,0,3,1+2+3,275.2767194010264,0.415061044780618,142.35375025205568,114.10204831691846,6.4705384000000015,0.78,False,272.3/276.6/277.0,"Replay progression and camera require operator review; demo_info describes the file, not current playback state. | Whole GameInfo swap: file application verified, individual cvar effects and replay fidelity require review. | r_texturefilteringquality: no readback; this game build may ignore or reject the setting."
tf100-088-r-async-compute-fog,r_async_compute_fog,1,3,1+2+3,277.39453226607344,1.1875938931371621,145.1984745125009,115.61909588278566,6.380006933333331,0.84,False,275.2/276.4/280.6,"Replay progression and camera require operator review; demo_info describes the file, not current playback state. | Whole GameInfo swap: file application verified, individual cvar effects and replay fidelity require review. | r_async_compute_fog: no readback; this game build may ignore or reject the setting."
tf100-089-lb-max-visible-envmaps-override,lb_max_visible_envmaps_override,4,3,1+2+3,276.4670001384515,0.8492500062337927,144.61852824455033,113.574975962421,6.3980729,0.65,False,274.1/276.9/278.4,"Replay progression and camera require operator review; demo_info describes the file, not current playback state. | Whole GameInfo swap: file application verified, individual cvar effects and replay fidelity require review. | lb_max_visible_envmaps_override: no readback; this game build may ignore or reject the setting."
tf100-090-r-distancefield-enable,r_distancefield_enable,0,3,1+2+3,273.84847229144106,-0.1059329608443682,144.49080192488455,114.61945336992649,6.348090066666667,0.13,False,273.4/273.9/274.3,"Replay progression and camera require operator review; demo_info describes the file, not current playback state. | Whole GameInfo swap: file application verified, individual cvar effects and replay fidelity require review. | r_distancefield_enable: no readback; this game build may ignore or reject the setting."
tf100-091-citadel-unit-status-old-update-rate,citadel_unit_status_old_update_rate,15,3,1+2+3,279.4223640462474,1.927303565781413,143.50314894344376,112.52292868275968,6.385828733333334,0.81,False,276.3/280.3/281.7,"Replay progression and camera require operator review; demo_info describes the file, not current playback state. | Whole GameInfo swap: file application verified, individual cvar effects and replay fidelity require review. | citadel_unit_status_old_update_rate: no readback; this game build may ignore or reject the setting."
tf100-092-citadel-portrait-world-renderer-off,citadel_portrait_world_renderer_off,1,3,1+2+3,274.8857101406384,0.27242922747194864,142.7194429777854,112.84106712913558,6.4323896000000005,0.63,False,272.7/275.1/276.9,"Replay progression and camera require operator review; demo_info describes the file, not current playback state. | Whole GameInfo swap: file application verified, individual cvar effects and replay fidelity require review. | citadel_portrait_world_renderer_off: no readback; this game build may ignore or reject the setting."
tf100-093-citadel-damage-text-lifetime,citadel_damage_text_lifetime,0.5,3,1+2+3,278.43085469287763,1.5656221549387617,144.3080916510347,115.27511549260201,6.332811466666673,0.5,False,276.5/279.0/279.8,"Replay progression and camera require operator review; demo_info describes the file, not current playback state. | Whole GameInfo swap: file application verified, individual cvar effects and replay fidelity require review. | citadel_damage_text_lifetime: no readback; this game build may ignore or reject the setting."
tf100-094-citadel-in-world-item-panel-dpi,citadel_in_world_item_panel_dpi,0.25,3,1+2+3,276.9518420715733,1.026109976148537,144.65431512312887,114.83654219407055,6.39762783333333,0.44,False,276.0/276.2/278.7,"Replay progression and camera require operator review; demo_info describes the file, not current playback state. | Whole GameInfo swap: file application verified, individual cvar effects and replay fidelity require review. | citadel_in_world_item_panel_dpi: no readback; this game build may ignore or reject the setting."
tf100-095-citadel-minimap-use-canvas-for-neutrals,citadel_minimap_use_canvas_for_neutrals,0,3,1+2+3,276.79637402340813,0.969398556523271,142.82204092831128,114.9415211922243,6.4167472000000005,0.68,False,274.7/276.4/279.2,"Replay progression and camera require operator review; demo_info describes the file, not current playback state. | Whole GameInfo swap: file application verified, individual cvar effects and replay fidelity require review. | citadel_minimap_use_canvas_for_neutrals: no readback; this game build may ignore or reject the setting."
tf100-096-citadel-minimap-use-canvas-for-shop,citadel_minimap_use_canvas_for_shop,0,3,1+2+3,276.0069304134882,0.681426408155561,142.41171639824813,112.27518192957372,6.429049399999999,0.74,False,273.1/277.4/277.5,"Replay progression and camera require operator review; demo_info describes the file, not current playback state. | Whole GameInfo swap: file application verified, individual cvar effects and replay fidelity require review. | citadel_minimap_use_canvas_for_shop: no readback; this game build may ignore or reject the setting."
tf100-097-citadel-visibility-queue-rate,citadel_visibility_queue_rate,4,3,1+2+3,277.1681889192948,1.10502868009148,144.37988599543766,117.36813079864676,6.395813666666669,1.02,True,273.7/277.1/280.7,"Replay progression and camera require operator review; demo_info describes the file, not current playback state. | Whole GameInfo swap: file application verified, individual cvar effects and replay fidelity require review. | citadel_visibility_queue_rate: no readback; this game build may ignore or reject the setting."
tf100-098-r-texture-budget-update-period,r_texture_budget_update_period,0.5,3,1+2+3,274.92584259043343,0.2870686870122041,141.96786591851023,112.38581760382799,6.430090233333334,0.66,False,273.6/273.7/277.5,"Replay progression and camera require operator review; demo_info describes the file, not current playback state. | Whole GameInfo swap: file application verified, individual cvar effects and replay fidelity require review. | r_texture_budget_update_period: no readback; this game build may ignore or reject the setting."
tf100-099-snd-mixahead,snd_mixahead,0.05,3,1+2+3,276.95488787497123,1.0272210201002219,145.61092136745995,115.21978713784965,6.335483766666667,1.25,True,272.8/276.8/281.3,"Replay progression and camera require operator review; demo_info describes the file, not current playback state. | Whole GameInfo swap: file application verified, individual cvar effects and replay fidelity require review. | snd_mixahead: requested 0.05, read back 0.001000."
tf100-100-snd-steamaudio-reverb-order-rendering,snd_steamaudio_reverb_order_rendering,0,3,1+2+3,275.8913212705219,0.6392546648510411,144.0783254117844,114.49541551598054,6.361350066666666,0.27,False,274.8/276.3/276.5,"Replay progression and camera require operator review; demo_info describes the file, not current playback state. | Whole GameInfo swap: file application verified, individual cvar effects and replay fidelity require review. | snd_steamaudio_reverb_order_rendering: no readback; this game build may ignore or reject the setting."
